"id_ciudad","id_region","ciudad","origen","destino","_tx"
1,13,SANTIAGO,1,1,1
2,8,CONCEPCION,1,1,1
3,16,SAN CARLOS,1,1,1
4,4,LA SERENA,1,1,1
5,1,IQUIQUE,1,1,1
6,11,COYHAIQUE,1,1,1
7,5,CABILDO,1,1,1
8,8,CABRERO,1,1,1
9,9,CAJON,0,1,1
10,2,CALAMA,1,1,1
11,10,CALBUCO,1,1,1
12,3,CALDERA,1,1,1
14,8,CANETE,1,1,1
15,9,CARAHUE,1,1,1
16,8,CARAMPANGUE,0,1,1
17,3,CHANARAL,1,1,1
18,8,CHIGUAYANTE,1,1,1
19,16,CHILLAN,1,1,1
20,8,HUALPENCILLO,0,1,1
23,16,COELEMU,1,1,1
24,9,COLLIPULLI,1,1,1
25,6,SANTA CRUZ,1,1,1
26,3,COPIAPO,1,1,1
27,4,COQUIMBO,1,1,1
28,8,CORONEL,1,1,1
30,9,CURACAUTIN,1,1,1
31,8,CURANILAHUE,1,1,1
32,7,CURICO,1,1,1
33,9,ERCILLA,1,1,1
34,9,FREIRE,1,1,1
35,10,FRESIA,1,1,1
36,10,FRUTILLAR,1,1,1
38,9,GORBEA,1,1,1
39,15,ARICA,1,1,1
40,5,LA CALERA,1,1,1
41,8,LAJA,1,1,1
42,5,LA LIGUA,1,1,1
43,14,LA UNION,1,1,1
44,14,LANCO,1,1,1
45,9,LAUTARO,1,1,1
46,8,LEBU,1,1,1
48,16,QUILLON,1,1,1
49,5,MARBELLA,0,1,1
50,9,LONCOCHE,1,1,1
51,5,PLAYA ANCHA,0,1,1
52,8,LOS ALAMOS,1,1,1
53,8,LOS ANGELES,1,1,1
54,14,LOS LAGOS,1,1,1
55,9,LOS SAUCES,0,1,1
56,8,LOTA,1,1,1
57,6,MACHALI,1,1,1
58,2,MARIA ELENA,1,1,1
59,2,MEJILLONES,1,1,1
60,8,MULCHEN,1,1,1
61,8,NACIMIENTO,1,1,1
62,9,NUEVA IMPERIAL,1,1,1
63,10,OSORNO,1,1,1
64,4,OVALLE,1,1,1
65,14,PAILLACO,1,1,1
66,14,PANGUIPULLI,1,1,1
67,5,PAPUDO,1,1,1
69,8,PENCO,1,1,1
71,9,PITRUFQUEN,1,1,1
72,1,POZO ALMONTE,1,1,1
73,9,PUCON,1,1,1
74,10,PUERTO MONTT,1,1,1
75,10,PUERTO VARAS,1,1,1
77,10,PURRANQUE,1,1,1
78,5,QUILPUE,1,1,1
79,16,QUIRIHUE,1,1,1
80,6,RANCAGUA,1,1,1
81,5,RENACA,1,1,1
82,6,RENGO,1,1,1
83,14,RIO BUENO,1,1,1
84,2,ANTOFAGASTA,1,1,1
85,6,SAN FERNANDO,1,1,1
86,14,SAN JOSE DE LA MARIQUINA,1,1,1
87,8,SANTA BARBARA,1,1,1
88,9,ANGOL,1,1,1
89,8,ARAUCO,1,1,1
91,7,TALCA,1,1,1
92,8,TALCAHUANO,1,1,1
93,2,TALTAL,1,1,1
94,9,TEMUCO,1,1,1
95,2,TOCOPILLA,1,1,1
96,8,TOME,1,1,1
97,9,TRAIGUEN,1,1,1
98,14,VALDIVIA,1,1,1
99,3,VALLENAR,1,1,1
100,5,VALPARAISO,1,1,1
101,9,VICTORIA,1,1,1
103,9,VILLARRICA,1,1,1
104,5,VINA DEL MAR,1,1,1
105,8,YUMBEL,1,1,1
106,5,ZAPALLAR,1,1,1
108,5,LLAILLAY,1,1,1
109,5,EL MELON,0,1,1
110,5,CATEMU,1,1,1
118,2,SIERRA GORDA,1,1,1
121,12,PUNTA ARENAS,1,1,1
122,9,VILCUN,1,1,1
150,2,SAN PEDRO DE ATACAMA,1,1,1
154,9,GALVARINO,1,1,1
159,3,PAIPOTE,0,1,1
160,3,TIERRA AMARILLA,0,1,1
165,3,EL SALVADOR,1,1,1
166,3,DIEGO DE ALMAGRO,1,1,1
169,3,ALTO DEL CARMEN,0,1,1
171,3,HUASCO,1,1,1
177,4,VICUNA,1,1,1
180,3,PAN DE AZUCAR,0,1,1
183,4,GUANAQUEROS,0,1,1
185,4,TONGOY,0,1,1
187,4,SOTAQUI,0,1,1
188,4,LA CHIMBA,0,1,1
189,4,EL PALQUI,0,1,1
190,4,MONTE PATRIA,0,1,1
192,5,SAN ESTEBAN,0,1,1
193,4,CHANARAL ALTO,0,1,1
194,4,COMBARBALA,0,1,1
195,4,LOS VILOS,1,1,1
196,4,ILLAPEL,1,1,1
198,4,SALAMANCA,1,1,1
200,5,CATAPILCO,0,1,1
202,5,LAS CRUCES,0,1,1
203,5,CACHAGUA,0,1,1
204,5,EL TABO,0,1,1
205,5,MAITENCILLO,1,1,1
206,5,ISLA NEGRA,0,1,1
207,5,PUCHUNCAVI,1,1,1
208,5,VILLA ALEMANA,1,1,1
209,5,SAN SEBASTIAN,0,1,1
210,5,QUILLOTA,1,1,1
211,5,RINCONADA,0,1,1
213,5,SAN FELIPE,1,1,1
214,5,LOS ANDES,1,1,1
215,5,LA CRUZ,1,1,1
216,5,LIMACHE,1,1,1
217,5,OLMUE,0,1,1
218,5,HIJUELAS,0,1,1
219,5,CURAUMA,1,1,1
221,5,LAGUNA VERDE,0,1,1
223,5,CONCON,1,1,1
224,5,BELLOTO,0,1,1
225,5,QUINTERO,1,1,1
227,5,SAN ANTONIO,1,1,1
229,5,SANTA MARIA,0,1,1
233,5,CASABLANCA,1,1,1
234,8,EL CARMEN CHILLAN,1,1,1
235,6,GRANEROS,1,1,1
236,6,REQUINOA,0,1,1
237,6,DONIHUE,0,1,1
238,6,OLIVAR ALTO,0,1,1
241,6,CODEGUA,0,1,1
245,6,COINCO,0,1,1
246,6,LO MIRANDA,0,1,1
250,6,MALLOA,0,1,1
251,6,PELEQUEN,0,1,1
253,6,LAS CABRAS,0,1,1
254,6,PICHIDEGUA,0,1,1
255,6,PEUMO,0,1,1
256,6,QUINTA DE TILCOCO,0,1,1
266,6,SAN VICENTE DE TAGUATAGUA,1,1,1
268,6,CHIMBARONGO,0,1,1
269,6,CUNACO,0,1,1
271,6,CHEPICA,0,1,1
272,6,NANCAGUA,0,1,1
276,7,MAULE,0,1,1
282,7,SAN CLEMENTE,0,1,1
283,7,SAN JAVIER,1,1,1
284,7,VILLA ALEGRE,0,1,1
292,7,PARRAL,1,1,1
293,7,CAUQUENES,1,1,1
294,7,MOLINA,1,1,1
298,7,TENO,0,1,1
299,7,SAGRADA FAMILIA,0,1,1
307,8,SAN PEDRO DE LA PAZ,1,1,1
309,12,SAN GREGORIO,0,1,1
325,8,LIRQUEN,0,1,1
333,16,YUNGAY,1,1,1
344,9,PADRE LAS CASAS,1,1,1
345,9,PUERTO SAAVEDRA,1,1,1
368,14,NIEBLA,0,1,1
385,10,DALCAHUE,1,1,1
388,10,CASTRO,1,1,1
389,10,ANCUD,1,1,1
437,13,BUIN,1,1,1
439,13,CAJON DEL MAIPO,0,1,1
440,13,COLINA,1,1,1
441,13,CURACAVI,1,1,1
442,13,EL MONTE,0,1,1
443,13,ISLA DE MAIPO,0,1,1
444,13,LAMPA,1,1,1
445,13,LONQUEN,0,1,1
446,13,MAIPO,0,1,1
447,13,MALLOCO,0,1,1
448,13,MARIA PINTO,0,1,1
449,13,MELIPILLA,1,1,1
450,13,PADRE HURTADO,1,1,1
451,13,PAINE,0,1,1
452,13,PENAFLOR,1,1,1
453,13,PIRQUE,0,1,1
454,13,SAN JOSE DE MAIPO,0,1,1
456,13,TALAGANTE,1,1,1
458,13,CALERA DE TANGO,1,1,1
459,13,NOS,0,1,1
461,13,SANTA ROSA DE CHENA,0,1,1
502,6,PERALILLO,0,1,1
508,7,LINARES,1,1,1
514,5,PENABLANCA,0,1,1
516,6,ROSARIO,0,1,1
518,5,NOGALES,0,1,1
523,1,ALTO HOSPICIO,1,1,1
572,5,CALLE LARGA,0,1,1
575,13,LINDEROS,0,1,1
588,5,ALGARROBO,1,1,1
589,5,EL QUISCO,1,1,1
591,5,CARTAGENA,0,1,1
592,5,LLOLLEO,1,1,1
593,11,PUERTO AYSEN,1,1,1
594,10,LOS MUERMOS,0,1,1
600,9,CHOLCHOL,0,1,1
601,9,CURARREHUE,0,1,1
602,10,RIO NEGRO,0,1,1
603,14,LLIFEN,0,1,1
604,16,BULNES,1,1,1
605,14,FUTRONO,1,1,1
606,14,LAGO RANCO,1,1,1
888,2,LA NEGRA,0,1,1
1007,5,ROCAS DE SANTO DOMINGO,0,1,1
1011,5,ARTIFICIO,0,1,1
1015,6,PALMILLA SAN FERNANDO,0,1,1
1016,6,PLACILLA (SAN FERNANDO),0,1,1
1018,6,SAN FRANCISCO DE MOSTAZAL,0,1,1
1019,5,HORCON,0,1,1
1020,10,LLANQUIHUE,0,1,1
1021,3,FREIRINA,0,1,1
1022,1,PICA,0,1,1
1023,1,HUARA,0,1,1
1024,4,ANDACOLLO,0,1,1
1025,4,LA HIGUERA,0,1,1
1026,4,CANELA,0,1,1
1027,4,PUNITAQUI,0,1,1
1028,5,PANQUEHUE,0,1,1
1030,6,COLTAUCO,0,1,1
1031,6,PICHILEMU,1,1,1
1032,7,RIO CLARO,0,1,1
1033,7,HUALANE,0,1,1
1034,7,LICANTEN,0,1,1
1035,7,RAUCO,0,1,1
1036,7,ROMERAL,1,1,1
1037,7,VICHUQUEN,0,1,1
1038,7,CONSTITUCION,1,1,1
1039,7,CUREPTO,0,1,1
1040,7,PELARCO,0,1,1
1041,7,PENCAHUE,0,1,1
1042,7,SAN RAFAEL,0,1,1
1043,7,COLBUN,0,1,1
1044,7,RETIRO,1,1,1
1045,7,YERBAS BUENAS,0,1,1
1046,16,COIHUECO,0,1,1
1047,8,NIQUEN,0,1,1
1048,16,PEMUCO,0,1,1
1049,16,PINTO,0,1,1
1050,16,SAN IGNACIO,0,1,1
1051,16,SAN NICOLAS,0,1,1
1052,8,FLORIDA,0,1,1
1053,8,SANTA JUANA,0,1,1
1054,8,NEGRETE,0,1,1
1055,8,QUILLECO,0,1,1
1056,8,ALTO BIO BIO,0,1,1
1057,9,TIRUA,0,1,1
1058,9,CUNCO,1,1,1
1059,9,TEODORO SCHMIDT,0,1,1
1060,9,LONQUIMAY,1,1,1
1061,9,PUREN,1,1,1
1062,10,CHONCHI,0,1,1
1063,10,QUELLON,1,1,1
1064,10,PUERTO OCTAY,0,1,1
1065,10,PUYEHUE,0,1,1
1067,13,TILTIL,0,1,1
1068,10,CURACO DE VELEZ,0,1,1
1069,10,MAULLIN,0,1,1
1070,9,PERQUENCO,0,1,1
1071,10,PUQUELDON,0,1,1
1072,10,QUEMCHI,1,1,1
1073,9,RENAICO,0,1,1
1074,10,SAN PABLO,1,1,1
1081,5,PUTAENDO,0,1,1
1083,8,SAN ROSENDO,0,1,1
1085,14,MAFIL,0,1,1
1086,14,CORRAL,0,1,1
1088,6,COCHAMO,0,1,1
1089,9,TOLTEN,1,1,1
1090,9,LUMACO,0,1,1
1092,9,CONARIPE,1,1,1
1093,9,LICANRAY,1,1,1
1096,1,COLCHANE,0,1,1
1100,1,LA TIRANA,0,1,1
1108,2,BAQUEDANO,0,1,1
1130,2,TOCONAO,0,1,1
1132,3,DOMEYKO,0,1,1
1143,4,ALGARROBITO,0,1,1
1145,4,CAMARICO,0,1,1
1147,4,PISCO ELQUI,0,1,1
1152,4,LAS TACAS,0,1,1
1154,4,MORRILLOS,0,1,1
1155,4,PAIHUANO,0,1,1
1156,4,RIO HURTADO,0,1,1
1157,4,SAN MARCOS,0,1,1
1158,4,TIERRAS BLANCAS,0,1,1
1162,6,BUCALEMU,0,1,1
1164,5,LA DORMIDA,0,1,1
1165,5,LOS MOLLES,0,1,1
1168,4,PICHIDANGUI,0,1,1
1170,5,PETORCA,1,1,1
1171,5,QUINTAY,0,1,1
1173,4,TOTORALILLO,0,1,1
1174,5,LAS VENTANAS,0,1,1
1175,6,CALETONES,0,1,1
1177,6,LA ESTRELLA,0,1,1
1178,6,LITUECHE,1,1,1
1179,6,LOLOL,0,1,1
1180,6,NAVIDAD,0,1,1
1181,6,COYA,0,1,1
1184,6,PAREDONES,0,1,1
1187,5,PLACILLA (VINA DEL MAR),0,1,1
1188,6,PUMANQUE,0,1,1
1190,6,RAPEL,0,1,1
1193,7,CHANCO,0,1,1
1194,7,CURANIPE,0,1,1
1195,7,EMPEDRADO,0,1,1
1197,7,ILOCA,0,1,1
1198,7,LONGAVI,1,1,1
1199,7,LONTUE,0,1,1
1200,7,PELLUHUE,0,1,1
1201,7,CUMPEO,0,1,1
1202,7,PANIMAVIDA,0,1,1
1204,7,DUAO,0,1,1
1205,8,ANTUCO,0,1,1
1207,8,COLCURA,0,1,1
1208,16,COBQUECURA,0,1,1
1210,8,CONTULMO,1,1,1
1211,8,DICHATO,0,1,1
1212,8,RANGUELMO,0,1,1
1213,8,HUALQUI,0,1,1
1215,8,HUEPIL,0,1,1
1217,8,LARAQUETE,0,1,1
1218,8,MONTE AGUILA,0,1,1
1219,8,SANTA CLARA,0,1,1
1220,8,MININCO,0,1,1
1222,16,NINHUE,0,1,1
1224,16,PORTEZUELO,0,1,1
1225,8,QUILACO,0,1,1
1226,16,RANQUIL,0,1,1
1230,8,TUCAPEL,0,1,1
1235,8,HUALPEN,0,1,1
1237,9,CAPITAN PASTENE,0,1,1
1239,9,LABRANZA,1,1,1
1241,9,MELIPEUCO,0,1,1
1245,9,QUEPE,0,1,1
1247,9,HUALPIN,0,1,1
1248,9,PILLANLELBUN,0,1,1
1250,10,ALERCE,0,1,1
1252,10,NUEVA BRAUNAU,0,1,1
1253,10,CHACAO,0,1,1
1254,10,CHOSHUENCO,0,1,1
1258,10,CARELMAPU,0,1,1
1261,10,ENTRE LAGOS,0,1,1
1262,10,ENSENADA,0,1,1
1264,10,FUTALEUFU,1,1,1
1266,10,HUALAIHUE,0,1,1
1267,10,HORNOPIREN,0,1,1
1270,10,MEHUIN,0,1,1
1275,14,NELTUME,0,1,1
1276,10,PALENA,0,1,1
1277,10,PETROHUE,0,1,1
1278,10,QUINCHAO,1,1,1
1280,10,QUEILEN,0,1,1
1285,10,SAN JUAN DE LA COSTA,0,1,1
1286,10,TRUMAO,0,1,1
1287,10,ACHAO,0,1,1
1288,10,CHAITEN,0,1,1
1289,10,PARGUA,0,1,1
1290,11,PUERTO AGUIRRE,0,1,1
1292,11,CHILE CHICO,0,1,1
1296,11,GUAITECAS,0,1,1
1298,11,LA JUNTA,0,1,1
1301,11,VILLA MANIHUALES,0,1,1
1302,11,MELINKA,0,1,1
1304,11,VILLA OHIGGINS,0,1,1
1305,11,PUERTO CISNES,0,1,1
1306,11,PUERTO CHACABUCO,0,1,1
1307,11,LAGO VERDE,0,1,1
1308,11,RIO IBANEZ,0,1,1
1310,11,PUERTO BERTRAND,0,1,1
1311,11,TORTEL,0,1,1
1312,11,PUYUHUAPI,0,1,1
1313,12,ANTARTICA,0,1,1
1315,12,CERRO SOMBRERO,0,1,1
1317,12,LAGUNA BLANCA,0,1,1
1319,12,PUERTO NATALES,1,1,1
1320,12,PRIMAVERA,0,1,1
1321,12,PUERTO WILLIAMS,0,1,1
1323,12,RIO VERDE,0,1,1
1324,12,TORRES DEL PAINE,0,1,1
1325,12,PORVENIR,0,1,1
1327,12,TIMAUKEL,0,1,1
1328,13,FARELLONES,0,1,1
1329,5,PORTILLO,0,1,1
1330,5,SALADILLO,0,1,1
1331,13,ALHUE,0,1,1
1333,13,CHAMPA,0,1,1
1334,5,CURIMON,0,1,1
1336,13,HOSPITAL,0,1,1
1337,13,EL MELOCOTON,0,1,1
1340,13,POLPAICO,0,1,1
1343,13,SAN PEDRO DE MELIPILLA,0,1,1
1345,7,BATUCO (TALCA),0,1,1
1346,13,CODIGUA,0,1,1
1347,13,VALDIVIA DE PAINE,0,1,1
1348,13,ISLA DE PASCUA,1,1,1
1349,5,ISLA JUAN FERNANDEZ,0,1,1
1352,15,GENERAL LAGOS,0,1,1
1353,15,POCONCHILE,0,1,1
1354,15,PUTRE,0,1,1
1356,15,CUYA,0,1,1
1359,4,HACIENDA LOS ANDES,0,1,1
1361,4,LLANOS DE GUANTA,0,1,1
1362,4,QUILIMARI,0,1,1
1363,4,GUANGUALI,0,1,1
1364,4,HUENTELAUQUEN,0,1,1
1365,7,LOS NICHES,0,1,1
1366,7,LO VALDIVIA,0,1,1
1367,8,NIPAS,0,1,1
1368,8,TREHUACO,0,1,1
1372,9,CABURGA,0,1,1
1373,14,MAIHUE,0,1,1
1376,11,PUERTO TRANQUILO,0,1,1
1378,7,RAUQUEN,0,1,1
1379,8,QUIRIQUINA,0,1,1
1380,8,VILLUCO,0,1,1
1381,11,COCHRANE,0,1,1
1384,10,PICHI PELLUCO,0,1,1
1447,8,CHARRUA,0,1,1
1452,13,BATUCO (RM),0,1,1
1463,6,MARCHIHUE,0,1,1
1465,14,CALAFQUEN,0,1,1
1466,14,RINIHUE,0,1,1
1467,14,COZ COZ,0,1,1
1468,14,ROBLE HUACHO,0,1,1
1469,14,CHAUQUEN,0,1,1
1470,8,CAMPANARIO,0,1,1
1471,9,LOS LAURELES,0,1,1
1472,8,RAMADILLAS,0,1,1
1473,9,CHERQUENCO,0,1,1
1474,9,QUEULE,0,1,1
1475,4,ALTOVALSOL,0,1,1
1476,4,EL HINOJAL,0,1,1
1477,4,GABRIELA MISTRAL,0,1,1
1478,4,QUEBRADA DE TALCA,0,1,1
1479,4,LA MARQUESA,0,1,1
1480,4,EL MOLLE,0,1,1
1481,4,EL TAMBO,0,1,1
1482,4,HORCON IV,0,1,1
1483,4,LOS HORNOS,0,1,1
1484,4,PUNTA COLORADA,0,1,1
1485,4,LAS DUNAS,0,1,1
1486,4,PUERTO VELERO,0,1,1
1487,4,EL TANGUE,0,1,1
1488,4,PUERTO ALDEA,0,1,1
1491,4,EL PENON,0,1,1
1492,4,TAMBILLO,0,1,1
1493,4,LAS CARDAS,0,1,1
1494,13,LOMAS DE LO AGUIRRE,0,1,1
1495,13,NOVICIADO,0,1,1
1496,13,LA PARVA,0,1,1
1497,13,CIUDAD DE LOS VALLES,0,1,1
1498,13,EL COLORADO,0,1,1
1499,13,VALLE NEVADO,0,1,1
1500,13,SAN GABRIEL,0,1,1
1501,13,LAS VERTIENTES,0,1,1
1502,13,SAN ALFONSO,0,1,1
1503,13,LO VALDES,0,1,1
1504,13,RUNGUE,0,1,1
1505,13,EL INGENIO,0,1,1
1506,13,LAGUNA ACULEO,0,1,1
1507,13,ALTO EL CANELO,0,1,1
1508,13,HUELQUEN,0,1,1
1512,4,HUAMALATA,0,1,1
1513,4,SOCOS,0,1,1
1514,4,LIMARI,0,1,1
1515,4,CERRILLOS DE TAMAYA,0,1,1
1516,4,RECOLETA IV,0,1,1
1517,4,SAN JULIAN,0,1,1
1518,4,CAREN,0,1,1
1519,4,CHANARAL DE CAREN,0,1,1
1520,4,PEDREGAL,0,1,1
1521,4,TULAHUEN,0,1,1
1522,4,LOS OLIVOS,0,1,1
1523,4,PICHASCA,0,1,1
1524,4,LAS BREAS,0,1,1
1525,4,LAS CARDAS SUR,0,1,1
1526,4,LAS RAMADAS DE TULAHUEN,0,1,1
1527,10,PUNTA CORONA,0,1,1
1528,10,GUAPILACUY,0,1,1
1529,10,YUSTE,0,1,1
1530,10,NAL,0,1,1
1531,10,AHUI,0,1,1
1532,14,PUENTE QUILO,0,1,1
1533,10,QUETALMAHUE,0,1,1
1534,10,LECHAGUA,0,1,1
1535,10,PAULDEO,0,1,1
1536,10,CAULIN,0,1,1
1537,10,MANAO,0,1,1
1538,10,LINAO,0,1,1
1539,10,HUELDEN,0,1,1
1540,10,CHEPU,0,1,1
1541,10,DEGAN,0,1,1
1542,10,HUILLINCO,0,1,1
1543,10,MECHAICO,0,1,1
1544,10,LAJAS BLANCAS,0,1,1
1545,10,PALOMAR,0,1,1
1546,1,LA HAUYCA,0,1,1
1547,1,MAMINA,0,1,1
1548,10,SAN JUAN,0,1,1
2315,15,VISVIRI,0,1,1
2317,15,TIGNAMAR,0,1,1
2318,15,SORA,0,1,1
2319,15,SOCOROMA,0,1,1
2320,15,PACHAMA,0,1,1
2321,15,BELEN,0,1,1
2322,15,MOLINOS,0,1,1
2324,15,ESQUINA,0,1,1
2325,15,CAMARONES,0,1,1
2327,15,CAQUENA,0,1,1
2328,15,COSAPILLA,0,1,1
2329,15,CODPA,0,1,1
2330,1,SOTOCA,0,1,1
2331,1,ANCUAQUE,0,1,1
2332,1,MOCHA,0,1,1
2333,1,LIRIMA,0,1,1
2334,1,CALETA BUENA,0,1,1
2335,1,ISLUGA,0,1,1
2336,1,CAMINA,0,1,1
2337,1,CANCOSA,0,1,1
2338,1,CARIQUIMA,0,1,1
2339,1,COLLACAGUA,0,1,1
2341,2,QUILLAGUA,0,1,1
2342,2,PAPOSO,0,1,1
2344,2,HORNITOS,0,1,1
2345,2,COBIJA,0,1,1
2346,3,ALGARROBAL,0,1,1
2347,3,LA ARENA,0,1,1
2349,4,MONTE GRANDE,0,1,1
2350,4,LA PLACILLA (PUNITAQUI),0,1,1
2353,4,CANTO DE AGUA,0,1,1
2354,4,CONAY,0,1,1
2355,4,CARRIZAL BAJO,0,1,1
2358,4,PICHICUY,0,1,1
2359,5,ALICAHUE,0,1,1
2360,6,SEWELL,0,1,1
2362,6,POPETA,0,1,1
2363,6,LAS NIEVES,0,1,1
2364,6,LA CEBADA,0,1,1
2366,6,EL MANZANO,0,1,1
2368,6,CIRUELOS,0,1,1
2369,8,BUCHUPUREO,0,1,1
2370,8,VEGAS DE ITATA,0,1,1
2372,8,RAFAEL,0,1,1
2373,8,CHOLGUAN,0,1,1
2375,8,CAYUCUPIL,0,1,1
2376,9,ICALMA,0,1,1
2377,9,LIQUINE,0,1,1
2379,9,TROVOLHUE,0,1,1
2381,14,PUNUCAPA,0,1,1
2383,14,CURINANCO,0,1,1
2384,14,RININAHUE,0,1,1
2387,10,PUCATRIHUE,0,1,1
2388,10,PUAUCHO,0,1,1
2389,10,BAHIA MANSA,0,1,1
2390,10,MAICOLPUE,0,1,1
2392,10,LLICO,0,1,1
2393,11,VILLA CERRO CASTILLO,0,1,1
2398,11,BALMACEDA,0,1,1
2401,11,LA TAPERA,0,1,1
2406,12,PUNTA DELGADA,0,1,1
2408,12,PUERTO TORO,0,1,1
2409,12,PUERTO BORIES,0,1,1
2412,12,MONTE AYMOND,0,1,1
2414,12,CAMERON,0,1,1
2416,8,VILLA MERCEDES,0,1,1
2417,8,TRUPAN,0,1,1
2419,8,RIHUE,0,1,1
2420,8,POLCURA,0,1,1
2421,8,PANGAL,0,1,1
2423,8,COIHUE,0,1,1
2424,6,AGUA BUENA,0,1,1
2425,6,TOPOCALMA,0,1,1
2427,6,PUERTECILLO,0,1,1
2428,6,CAHUIL,0,1,1
2429,6,LARMAHUE,0,1,1
2430,6,LA RUFINA,0,1,1
2434,2,SOCAIRE,0,1,1
2435,2,AIQUINA,0,1,1
2437,2,LASANA,0,1,1
2438,2,CASPANA,0,1,1
2439,8,TREGUALEMU,0,1,1
2440,8,TANILVORO,0,1,1
2441,8,RUCAPEQUEN,0,1,1
2442,8,QUINCHAMALI,0,1,1
2443,8,PUEBLO SECO,0,1,1
2444,8,NAHUELTORO,0,1,1
2445,8,MINAS DEL PRADO,0,1,1
2449,10,VILLA SANTA LUCIA,0,1,1
2453,10,CALETA GONZALO,0,1,1
2459,13,SAN MANUEL,0,1,1
2460,13,POMAIRE,0,1,1
2462,13,LOS MAITENES,0,1,1
2463,13,LO CHACON,0,1,1
2464,13,LA OBRA,0,1,1
2465,13,JUNCAL,0,1,1
2466,13,GUAYACAN,0,1,1
2467,13,EL MEMBRILLO,0,1,1
2469,13,EL CANELO,0,1,1
2471,13,CULIPRAN,0,1,1
2473,13,CHOCALAN,0,1,1
2474,13,CHICUREO,1,1,1
2476,13,BOLLENAR,0,1,1
2477,13,ALTO JAHUEL,0,1,1
2478,6,VILLA ALHUE,0,1,1
2480,5,RINCONADA DE SILVA,0,1,1
2481,5,RINCONADA DE GUZMAN,0,1,1
2482,5,MONTENEGRO,0,1,1
2483,5,MANDINGA,0,1,1
2484,5,GUARDIA VIEJA,0,1,1
2485,5,PUNTA DE TRALCA,0,1,1
2486,5,MATANZAS,0,1,1
2487,5,LEYDA,0,1,1
2488,5,LAGUNILLAS,0,1,1
2489,8,ZEMITA,0,1,1
2490,8,CACHAPOAL CHILLAN,0,1,1
2492,5,QUELON,0,1,1
2493,5,MINCHA,0,1,1
2494,4,CAIMANES,0,1,1
2495,5,LAS DICHAS,0,1,1
2496,5,HUINTIL,0,1,1
2497,7,SAN PEDRO DE ALCANTARA,0,1,1
2499,7,NIRIVILO,0,1,1
2500,7,BOBADILLA,0,1,1
2501,7,GUALLECO,0,1,1
2504,7,CULENAR,0,1,1
2505,7,VILLA PRAT,0,1,1
2506,8,EL CARMEN RENGO,0,1,1
2508,8,LOS HORCONES,0,1,1
2509,8,LAS TRANCAS,0,1,1
2510,8,PUNTA DE PARRA,0,1,1
2511,8,COLIUMO,0,1,1
2512,8,PINGUERAL,0,1,1
2513,8,SAN FABIAN DE ALICO,0,1,1
2514,5,EL SAUCE,0,1,1
2515,3,BAHIA INGLESA,0,1,1
2516,6,OLIVAR BAJO,0,1,1
2517,6,PUENTE NEGRO,0,1,1
2518,6,LOS LINGUES,0,1,1
2519,10,PUELO,0,1,1
2520,9,MALALCAHUELLO,0,1,1
2521,9,PUERTO DOMINGUEZ,0,1,1
2522,9,RUCA RAQUI (SAAVEDRA),0,1,1
2523,11,GUADAL,0,1,1
2524,11,VILLA ORTEGA,0,1,1
2525,11,VILLA AMENGUAL,0,1,1
2526,11,NIREHUAO,0,1,1
2528,11,VALLE SIMPSON,0,1,1
2530,11,BAHIA MURTA,0,1,1
2531,11,CALETA ANDRADE,0,1,1
2534,10,TUBUL,0,1,1
2535,10,PUNTA LAVAPIE,0,1,1
2536,4,CHILLEPIN,0,1,1
2537,4,CUNCUMEN,0,1,1
2538,4,PALQUIAL,0,1,1
2539,4,LA JARILLA,0,1,1
2540,14,QUILCHE,0,1,1
2541,14,SECTOR LA PENA,0,1,1
2542,14,PARCELA EL CARMEN,0,1,1
2543,14,HUELLAHUE,0,1,1
2544,14,RAYENCURA,0,1,1
2545,10,MECHUQUE,0,1,1
2546,10,PIEDRA AZUL,0,1,1
2547,10,QUILLAIPE,0,1,1
2548,10,METRI,0,1,1
2549,10,LENCA,0,1,1
2550,10,CHAICA,0,1,1
2551,10,LA ARENA PTO MONTT,0,1,1
2552,9,VILLA BOLDO,0,1,1
2553,9,PORMA,0,1,1
2554,9,CHOROICO,0,1,1
2555,9,COLICO,0,1,1
2556,9,SAN PATRICIO,0,1,1
2557,9,CURACALCO,0,1,1
2558,9,LAS HORTENCIAS,0,1,1
2559,8,ISLA SANTA MARIA,0,1,1
2560,9,BARROS ARANA,0,1,1
2561,9,COLONIA MENDOZA,0,1,1
2562,9,LOS BOLDOS,0,1,1
2563,9,RADAL,0,1,1
2564,10,PEULLA,0,1,1
2565,5,TABOLANGO,0,1,1
2566,8,COPIULEMU,0,1,1
2567,8,MEIPO,0,1,1
2568,8,PERALES,0,1,1
2569,8,GUARILIHUE,0,1,1
2570,8,CHECURA,0,1,1
2571,8,LEONERA,0,1,1
2572,8,FILOMENA,0,1,1
2573,8,TOROICO,0,1,1
2574,8,LOS TILOS,0,1,1
2594,5,CHILCAS,0,1,1
2595,5,SAN PEDRO DE QUILLOTA,0,1,1
2614,5,EL MANZANAR,0,1,1
2615,5,OCOA,0,1,1
2634,13,LOGISTICA REVERSA,1,1,1
2654,8,QUILLAITUN,0,1,1
2655,8,CERRO ALTO,0,1,1
2656,8,LA ARAUCANA,0,1,1
2674,8,TRES PINOS,0,1,1
2675,8,ANTIHUALA,0,1,1
2676,8,VILLA LOS RIOS,0,1,1
2694,5,BOCO DE QUILLOTA,0,1,1
2695,5,SAN ISIDRO DE QUILLOTA,0,1,1
2696,5,LA PALMA DE QUILLOTA,0,1,1
2714,5,COLLIGUAY,0,1,1
2715,5,LA RETUCA,0,1,1
2734,5,TUNQUEN,0,1,1
2754,5,QUEBRADA DE ALVARADO,0,1,1
2774,10,CASMA,0,1,1
2794,1,YAPE,0,1,1
2814,1,PISAGUA,0,1,1
2834,5,EL ASILO,0,1,1
2835,5,EL CONVENTO,0,1,1
2854,14,TRALCAPULLI,0,1,1
2874,14,ANCACOMOE,0,1,1
2875,14,PULLINQUE,0,1,1
2876,14,RIO TRAFUN,0,1,1
2877,14,PANGUILELFUN,0,1,1
2878,14,CAYUMAPU,0,1,1
2879,14,PUNAHUE,0,1,1
2880,14,MELEFQUEN,0,1,1
2881,14,LOS CAJONES,0,1,1
2882,14,LLONGAHUE,0,1,1
2894,14,LLONGUEN,0,1,1
2895,14,PUERTO FUY,0,1,1
2896,14,HUERQUEHUE,0,1,1
2897,14,RELECO,0,1,1
2898,14,PLAYA MONJE,0,1,1
2899,14,LOS TALLOS,0,1,1
2914,14,MALALHUE,0,1,1
2934,5,LONGOTOMA,0,1,1
2954,8,SANTA FE,0,1,1
2955,8,MILLANTU,0,1,1
2974,10,EL YECO,0,1,1
2994,9,SAN RAMON,0,1,1
3014,9,QUITRATUE,0,1,1
3015,9,LASTARRIA,0,1,1
3016,9,SELVA OSCURA,0,1,1
3017,9,METRENCO,0,1,1
3034,9,HUISCAPI,0,1,1
3054,14,LOS CHILCOS,0,1,1
3056,14,LOS ESTEROS,0,1,1
3074,14,PUERTO NUEVO,0,1,1
3094,10,PANITAO,0,1,1
3095,10,CHAMIZA,0,1,1
3114,8,CHACAYAL,0,1,1
